{
  "SMA_20": {
    "mean": 93729.2569515667,
    "std": 15162.131751361389
  },
  "EMA_20": {
    "mean": 93729.2579997966,
    "std": 15161.724123392501
  },
  "SMA_50": {
    "mean": 93721.74491079297,
    "std": 15187.38996797716
  },
  "EMA_50": {
    "mean": 93721.74612542942,
    "std": 15186.400306282854
  },
  "RSI_14": {
    "mean": 50.13740946296063,
    "std": 11.677038613034965
  },
  "MACD": {
    "mean": 0.6536992790430868,
    "std": 97.94743689181092
  },
  "MACD_SIGNAL": {
    "mean": 0.6540051362579149,
    "std": 92.22421425958653
  },
  "MACD_DIFF": {
    "mean": 0.00016209792765441055,
    "std": 29.50756101951044
  },
  "BBL_20_2.0": {
    "mean": 93540.71102735632,
    "std": 15137.69792474576
  },
  "BBM_20_2.0": {
    "mean": 93729.2569515667,
    "std": 15162.131751361389
  },
  "BBU_20_2.0": {
    "mean": 93917.8028757771,
    "std": 15190.793399549762
  },
  "ATR_14": {
    "mean": 69.5665123520398,
    "std": 56.87571374780185
  },
  "log_ret": {
    "mean": 1.2044281544388161e-06,
    "std": 0.0008973080401615278
  },
  "log_vol": {
    "mean": -9.829515629078447e-06,
    "std": 0.8458081522803371
  }
}